rank,name,tournament,year,variant,offsteam_listings,offsteam_censored,steam_volume_30d,lis_price,steam_price,steam_as_of,cagr_3y,history_years
1,Sticker | BIG (Holo) | Antwerp 2022,Antwerp 2022,2022,Holo,51,0,2730,3.16,9.166524305555555,2026-01-09,1.8333477627167376,3.69
2,Sticker | MLG (Foil) | MLG Columbus 2016,MLG Columbus 2016,2016,Foil,22,0,9,111.63499999999999,177.57,2026-03-11,1.1321156477982348,9.98
3,Sticker | ANGE1 (Foil) | London 2018,London 2018,2018,Foil,8,0,8,20.08,4.71,2026-02-03,1.0019855352707774,7.43
4,Sticker | MLG (Holo) | MLG Columbus 2016,MLG Columbus 2016,2016,Holo,18,0,27,70.59,59.068999999999996,2026-03-11,0.9352363072179071,9.98
5,Sticker | MLG | MLG Columbus 2016,MLG Columbus 2016,2016,Paper,7,0,117,30.99,19.637,2025-10-14,0.8804879913042154,9.57
6,Sticker | Natus Vincere (Holo) | MLG Columbus 2016,MLG Columbus 2016,2016,Holo,22,0,18,46.635,64.658,2026-02-05,0.7380043625032195,9.89
7,Sticker | Entropiq (Holo) | Stockholm 2021,Stockholm 2021,2021,Holo,129,0,385,9.68,13.384695238095237,2025-12-19,0.6969621339958298,4.16
8,Sticker | 9z Team | Antwerp 2022,Antwerp 2022,2022,Paper,140,0,4180,0.55,0.41517600644122377,2026-05-10,0.683595145531487,4.02
9,Sticker | AdreN (Foil)  | MLG Columbus 2016,MLG Columbus 2016,2016,Foil,9,0,5,38.36,18.777,2026-02-02,0.6800040942203069,9.88
10,Sticker | Attacker (Foil) | Katowice 2019,Katowice 2019,2019,Foil,4,0,10,12.22,5.83,2026-01-29,0.6619639962580193,6.98
11,Sticker | Copenhagen Flames (Holo) | Stockholm 2021,Stockholm 2021,2021,Holo,289,0,715,22.18,25.356787037037037,2026-01-19,0.642346790144521,4.25
12,Sticker | Counter Logic Gaming (Holo) | MLG Columbus 2016,MLG Columbus 2016,2016,Holo,24,0,23,55.07,95.875,2026-03-08,0.6128725684632244,9.97
13,Sticker | FaZe Clan (Foil) | MLG Columbus 2016,MLG Columbus 2016,2016,Foil,11,0,3,43.08,59.453,2026-01-29,0.60578809506701,9.87
14,Sticker | Flipsid3 Tactics (Holo) | Cologne 2016,Cologne 2016,2016,Holo,23,0,17,37.08,53.93,2026-03-07,0.5864602651111184,9.7
15,Sticker | DreamEaters | Berlin 2019,Berlin 2019,2019,Paper,6,0,110,10.61,1.28425,2026-04-19,0.5825891650173909,6.68
16,Sticker | Splyce (Holo) | MLG Columbus 2016,MLG Columbus 2016,2016,Holo,15,0,25,51.14,51.953,2026-03-08,0.5719507913586499,9.97
17,Sticker | Cloud9 (Foil) | MLG Columbus 2016,MLG Columbus 2016,2016,Foil,15,0,3,78.63,111.025,2026-02-21,0.5473124250283232,9.93
18,Sticker | Brehze (Foil) | Katowice 2019,Katowice 2019,2019,Foil,3,0,9,29.06,5.402,2026-02-02,0.5052193784542476,6.99
19,Sticker | Flipsid3 Tactics (Holo) | Atlanta 2017,Atlanta 2017,2017,Holo,19,0,6,121.37,163.3185,2026-03-24,0.4988720041966157,9.19
20,Sticker | Astralis (Holo) | Stockholm 2021,Stockholm 2021,2021,Holo,48,0,332,8.105,7.297057142857143,2025-12-14,0.48152265922431625,4.15
21,Sticker | Cloud9 (Holo) | MLG Columbus 2016,MLG Columbus 2016,2016,Holo,11,0,8,78.15,70.6725,2026-03-08,0.4720624456230378,9.97
22,Sticker | AZR (Foil) | Berlin 2019,Berlin 2019,2019,Foil,5,0,39,1.3,0.346,2026-02-03,0.46741851083357,6.48
23,Sticker | FACEIT (Foil) | London 2018,London 2018,2018,Foil,14,0,11,56.739999999999995,23.965,2026-01-31,0.46480291348210323,7.42
24,Sticker | ELEAGUE | Atlanta 2017,Atlanta 2017,2017,Paper,19,0,55,2.54,2.6992999999999996,2026-03-02,0.4434626996695046,9.13
25,Sticker | Aleksib (Foil) | Katowice 2019,Katowice 2019,2019,Foil,3,0,11,45.39,10.991,2026-01-30,0.4362204274022685,6.98
26,Sticker | ENCE (Foil) | Berlin 2019,Berlin 2019,2019,Foil,5,0,70,4.58,2.1755000000000004,2026-02-03,0.4299758973206076,6.48
27,Sticker | FACEIT | London 2018,London 2018,2018,Paper,16,0,151,3.08,1.0434999999999999,2022-06-24,0.4205734379338333,3.82
28,Sticker | Natus Vincere (Foil) | MLG Columbus 2016,MLG Columbus 2016,2016,Foil,12,0,9,56.415,39.05,2026-01-31,0.414290733497622,9.87
29,Sticker | Splyce (Foil) | MLG Columbus 2016,MLG Columbus 2016,2016,Foil,21,0,7,58.97,63.218,2026-02-02,0.4128650093772077,9.88
30,Sticker | ELEAGUE (Foil) | Atlanta 2017,Atlanta 2017,2017,Foil,7,0,5,31.96,20.679,2026-01-24,0.3999119990714066,9.03
31,Sticker | Cloud9 (Foil) | London 2018,London 2018,2018,Foil,5,0,5,61.77,51.7575,2026-02-01,0.38233414281863287,7.43
32,Sticker | ENCE (Holo) | Berlin 2019,Berlin 2019,2019,Holo,20,0,176,0.35,0.643,2026-02-12,0.37563961275224544,6.5
33,Sticker | FaZe Clan (Holo) | Cologne 2016,Cologne 2016,2016,Holo,21,0,7,35.79,35.501999999999995,2026-03-09,0.374050430860986,9.71
34,Sticker | EliGE | London 2018,London 2018,2018,Paper,4,0,21,13.77,2.2430000000000003,2026-02-27,0.36547720671310424,7.5
35,Sticker | DickStacy (Foil) | Berlin 2019,Berlin 2019,2019,Foil,23,0,26,33.96,44.479,2026-02-02,0.364991705328515,6.47
36,Sticker | Boombl4 (Foil) | Berlin 2019,Berlin 2019,2019,Foil,4,0,73,3.785,0.48575,2026-02-02,0.36024926555632186,6.47
37,Sticker | ESL (Foil) | Cologne 2016,Cologne 2016,2016,Foil,4,0,13,77.635,22.914,2026-03-02,0.32910037371260525,9.68
38,Sticker | Astralis (Foil) | Berlin 2019,Berlin 2019,2019,Foil,3,0,41,26.01,4.595,2026-02-01,0.3282178344012747,6.47
39,Sticker | CR4ZY (Foil) | Berlin 2019,Berlin 2019,2019,Foil,8,0,32,20.5,9.356,2026-01-29,0.32632090081750187,6.46
40,Sticker | BIG | London 2018,London 2018,2018,Paper,12,0,63,0.84,1.101,2026-02-01,0.3197264933269306,7.43
41,Sticker | Astralis | Berlin 2019,Berlin 2019,2019,Paper,5,0,546,0.47,0.7139791666666666,2025-12-07,0.31637734880117097,6.32
42,Sticker | Team Liquid (Foil) | Cologne 2016,Cologne 2016,2016,Foil,12,0,5,71.86500000000001,91.44,2026-03-07,0.31535231956291043,9.7
43,Sticker | Aleksib | Katowice 2019,Katowice 2019,2019,Paper,4,0,37,3.06,1.59525,2026-02-03,0.3122241234744092,6.99
44,Sticker | Copenhagen Flames (Foil) | Stockholm 2021,Stockholm 2021,2021,Foil,21,0,81,3.98,4.617875,2026-01-31,0.27442476110174385,4.28
45,Sticker | Fnatic (Holo) | Cologne 2016,Cologne 2016,2016,Holo,14,0,20,15.64,18.645,2026-03-11,0.26908518200693954,9.71
46,Sticker | Astralis (Foil) | Cologne 2016,Cologne 2016,2016,Foil,13,0,4,77.97,61.5955,2026-03-11,0.25569160650026745,9.71
47,Sticker | DreamEaters (Foil) | Berlin 2019,Berlin 2019,2019,Foil,6,0,30,10.51,3.8715,2026-05-09,0.24545253841234693,6.74
48,Sticker | Astralis (Foil) | Stockholm 2021,Stockholm 2021,2021,Foil,6,0,41,21.84,8.876000000000001,2026-02-03,0.24261680226861615,4.29
49,Sticker | Astralis (Holo) | Cologne 2016,Cologne 2016,2016,Holo,22,0,14,46.31,37.183,2026-03-09,0.24238311166170368,9.71
50,Sticker | Astralis | Boston 2018,Boston 2018,2018,Paper,3,0,43,21.41,4.9695,2025-10-05,0.23896135906144012,7.79
51,Sticker | SK Gaming | Boston 2018,Boston 2018,2018,Paper,11,0,72,4.86,4.460333333333334,2026-02-03,0.22726024068462447,8.12
52,Sticker | BIG | Krakow 2017,Krakow 2017,2017,Paper,6,0,116,1.065,1.3174285714285716,2026-02-02,0.21500600929140812,8.57
53,Sticker | AdreN | Boston 2018,Boston 2018,2018,Paper,6,0,7,1.66,1.3054999999999999,2026-02-04,0.20886409681306772,8.13
54,Sticker | Astralis | Krakow 2017,Krakow 2017,2017,Paper,5,0,76,1.76,2.0945833333333335,2026-02-03,0.20236649440608545,8.58
55,Sticker | Astralis (Foil) | Atlanta 2017,Atlanta 2017,2017,Foil,17,0,3,136.36,112.4095,2025-10-31,0.19721090357611115,8.8
56,Sticker | AdreN (Foil) | Krakow 2017,Krakow 2017,2017,Foil,22,0,3,31.01,41.274,2026-02-02,0.19197661914491748,8.57
57,Sticker | BIG (Foil) | Katowice 2019,Katowice 2019,2019,Foil,6,0,13,20.185000000000002,14.306,2026-01-27,0.19109568738143867,6.97
58,Sticker | BIG (Foil) | London 2018,London 2018,2018,Foil,4,0,4,28.450000000000003,19.622,2026-01-28,0.1899320493526413,7.41
59,Sticker | Cloud9 (Foil) | Katowice 2019,Katowice 2019,2019,Foil,19,0,12,29.97,31.968,2026-02-01,0.18719704833730266,6.98
60,Sticker | 9z Team (Holo) | Antwerp 2022,Antwerp 2022,2022,Holo,131,0,127,7.66,16.563399999999998,2026-03-11,0.18345350675967342,3.85
61,Sticker | FaZe Clan (Foil) | Cologne 2016,Cologne 2016,2016,Foil,11,0,1,76.63,49.15,2026-02-11,0.1773715886059961,9.63
62,Sticker | Counter Logic Gaming (Foil) | MLG Columbus 2016,MLG Columbus 2016,2016,Foil,11,0,6,119.7,61.107,2026-03-08,0.15892707185263566,9.97
63,Sticker | Avangar (Foil) | Boston 2018,Boston 2018,2018,Foil,9,0,1,54.38,40.389,2026-01-13,0.15055516069979746,8.07
64,Sticker | Tyloo (Holo) | Boston 2018,Boston 2018,2018,Holo,18,0,5,152.10000000000002,175.078,2026-03-03,0.14955621628044735,8.2
65,Sticker | Counter Logic Gaming (Foil) | Cologne 2016,Cologne 2016,2016,Foil,22,0,1,84.39500000000001,70.173,2026-03-08,0.1491611679878797,9.7
66,Sticker | Gambit Gaming | Atlanta 2017,Atlanta 2017,2017,Paper,8,0,51,2.58,3.4805,2026-04-15,0.14724692625350566,9.25
67,Sticker | Gambit Gaming (Foil) | Cologne 2016,Cologne 2016,2016,Foil,4,0,1,47.42,24.85,2026-03-08,0.1442233043881831,9.7
68,Sticker | Cloud9 (Holo) | Krakow 2017,Krakow 2017,2017,Holo,9,0,5,46.18,49.211,2026-04-21,0.13423595616819584,8.79
69,Sticker | Astralis | Stockholm 2021,Stockholm 2021,2021,Paper,82,0,653,0.76,0.34451785714285715,2026-02-04,0.12806337338349238,4.29
70,Sticker | DD | London 2018,London 2018,2018,Paper,4,0,7,5.8100000000000005,1.784,2026-03-05,0.08132425685117228,7.51
71,Sticker | Avangar | Boston 2018,Boston 2018,2018,Paper,5,0,8,4.76,6.9235,2026-02-02,0.0570445567163369,8.12
72,Sticker | Cloud9 (Foil) | Krakow 2017,Krakow 2017,2017,Foil,4,0,4,101.88,104.749,2026-02-27,0.03822467328948376,8.64
73,Sticker | Flipsid3 Tactics (Foil) | Cologne 2016,Cologne 2016,2016,Foil,6,0,3,52.85,50.03,2026-04-06,0.029974034274238948,9.78
74,Sticker | BIG | Katowice 2019,Katowice 2019,2019,Paper,13,0,37,2.81,4.734,2024-09-04,0.008303887645404684,5.57
75,Sticker | B1ad3 (Foil) | Krakow 2017,Krakow 2017,2017,Foil,20,0,5,50.34,36.88675,2026-01-23,-0.009249215566741187,8.55
76,Sticker | DeadFox (Foil) | Katowice 2019,Katowice 2019,2019,Foil,3,0,22,14.69,3.965,2026-04-06,-0.03115961377576404,7.16
77,Sticker | AdreN (Foil) | Katowice 2019,Katowice 2019,2019,Foil,14,0,18,8.024999999999999,3.566,2026-04-16,-0.03473613380503249,7.19
78,Sticker | Entropiq (Foil) | Stockholm 2021,Stockholm 2021,2021,Foil,25,0,129,8.4,17.355,2026-03-13,-0.03701215251834,4.39
79,Sticker | Fnatic (Foil) | Boston 2018,Boston 2018,2018,Foil,3,0,1,63.45,29.184,2024-09-20,-0.049657573932317844,6.75
80,Sticker | Gambit Gaming (Foil) | Atlanta 2017,Atlanta 2017,2017,Foil,6,0,3,72.72,32.127,2026-02-02,-0.13703003867836594,9.05
81,Sticker | 00 Nation | Rio 2022,Rio 2022,2022,Paper,126,0,2835,0.61,0.15141666666666664,2026-02-04,-0.2407831104946414,3.29
unranked,Sticker | Astralis (Foil) | Krakow 2017,Krakow 2017,2017,Foil,9,0,,22.61,,,unknown,
unranked,Sticker | Cloud9 | Krakow 2017,Krakow 2017,2017,Paper,33,0,,1.8,,,unknown,
unranked,Sticker | FaZe Clan (Foil) | Krakow 2017,Krakow 2017,2017,Foil,10,0,,47.34,,,unknown,
unranked,Sticker | FaZe Clan (Holo) | Krakow 2017,Krakow 2017,2017,Holo,18,0,,30.05,,,unknown,
unranked,Sticker | FaZe Clan | Krakow 2017,Krakow 2017,2017,Paper,10,0,,1.85,,,unknown,
unranked,Sticker | Fnatic (Holo) | Boston 2018,Boston 2018,2018,Holo,11,0,,37.48,,,unknown,
unranked,Sticker | Fnatic | Boston 2018,Boston 2018,2018,Paper,6,0,,2.13,,,unknown,
unranked,Sticker | SK Gaming (Foil) | Boston 2018,Boston 2018,2018,Foil,3,0,,68.73,,,unknown,
unranked,Sticker | SK Gaming (Holo) | Boston 2018,Boston 2018,2018,Holo,9,0,,140.63,,,unknown,
unranked,Sticker | Tyloo (Foil) | Boston 2018,Boston 2018,2018,Foil,7,0,1,355.03,419.048,2025-12-20,unknown,8.0
unranked,Sticker | Tyloo | Boston 2018,Boston 2018,2018,Paper,50,0,,5.31,,,unknown,
unranked,Sticker | Astralis (Foil) | Boston 2018,Boston 2018,2018,Foil,9,0,,68.41,,,unknown,
unranked,Sticker | Astralis (Holo) | Boston 2018,Boston 2018,2018,Holo,12,0,,55.415,,,unknown,
unranked,Sticker | Avangar (Holo) | Boston 2018,Boston 2018,2018,Holo,10,0,,38.2,,,unknown,
unranked,Sticker | Astralis (Holo) | Atlanta 2017,Atlanta 2017,2017,Holo,17,0,,53.3,,,unknown,
unranked,Sticker | Astralis | Atlanta 2017,Atlanta 2017,2017,Paper,8,0,,9.75,,,unknown,
unranked,Sticker | ELEAGUE (Holo) | Atlanta 2017,Atlanta 2017,2017,Holo,4,0,,37.97,,,unknown,
unranked,Sticker | Flipsid3 Tactics (Foil) | Atlanta 2017,Atlanta 2017,2017,Foil,14,0,,172.12,,,unknown,
unranked,Sticker | Flipsid3 Tactics | Atlanta 2017,Atlanta 2017,2017,Paper,13,0,,34.85,,,unknown,
unranked,Sticker | Fnatic (Holo) | Atlanta 2017,Atlanta 2017,2017,Holo,8,0,,79.83,,,unknown,
unranked,Sticker | Gambit Gaming (Holo) | Atlanta 2017,Atlanta 2017,2017,Holo,22,0,,29.25,,,unknown,
unranked,Sticker | OpTic Gaming (Foil) | Atlanta 2017,Atlanta 2017,2017,Foil,8,0,,431.49,,,unknown,
unranked,Sticker | OpTic Gaming (Holo) | Atlanta 2017,Atlanta 2017,2017,Holo,9,0,,224.61,,,unknown,
unranked,Sticker | OpTic Gaming | Atlanta 2017,Atlanta 2017,2017,Paper,17,0,,31.66,,,unknown,
unranked,Sticker | Team EnVyUs (Foil) | Atlanta 2017,Atlanta 2017,2017,Foil,7,0,,57.37,,,unknown,
unranked,Sticker | Team EnVyUs (Holo) | Atlanta 2017,Atlanta 2017,2017,Holo,8,0,,116.555,,,unknown,
unranked,Sticker | Virtus.Pro (Foil) | Atlanta 2017,Atlanta 2017,2017,Foil,3,0,,95.89,,,unknown,
unranked,Sticker | Virtus.Pro (Holo) | Atlanta 2017,Atlanta 2017,2017,Holo,17,0,,61.98,,,unknown,
unranked,Sticker | Virtus.Pro | Atlanta 2017,Atlanta 2017,2017,Paper,15,0,,5.26,,,unknown,
unranked,Sticker | AdreN | Katowice 2019,Katowice 2019,2019,Paper,5,0,,0.92,,,unknown,
unranked,Sticker | Attacker | Katowice 2019,Katowice 2019,2019,Paper,5,0,,0.58,,,unknown,
unranked,Sticker | BIG (Holo) | Katowice 2019,Katowice 2019,2019,Holo,24,0,,8.26,,,unknown,
unranked,Sticker | DeadFox | Katowice 2019,Katowice 2019,2019,Paper,3,0,,1.41,,,unknown,
unranked,Sticker | FACEIT (Holo) | London 2018,London 2018,2018,Holo,25,0,,8.89,,,unknown,
unranked,Sticker | BIG (Holo) | London 2018,London 2018,2018,Holo,5,0,,79.59,,,unknown,
unranked,Sticker | Cloud9 (Holo) | London 2018,London 2018,2018,Holo,12,0,,37.400000000000006,,,unknown,
unranked,Sticker | EliGE (Foil) | London 2018,London 2018,2018,Foil,3,0,,33.56,,,unknown,
unranked,Sticker | Gambit Esports (Foil) | London 2018,London 2018,2018,Foil,7,0,,138.4,,,unknown,
unranked,Sticker | AZR | Berlin 2019,Berlin 2019,2019,Paper,5,0,,0.46,,,unknown,
unranked,Sticker | Astralis (Holo) | Berlin 2019,Berlin 2019,2019,Holo,20,0,,8.12,,,unknown,
unranked,Sticker | Boombl4 | Berlin 2019,Berlin 2019,2019,Paper,13,0,,1.07,,,unknown,
unranked,Sticker | CR4ZY (Holo) | Berlin 2019,Berlin 2019,2019,Holo,45,0,,0.69,,,unknown,
unranked,Sticker | CR4ZY | Berlin 2019,Berlin 2019,2019,Paper,19,0,,1.08,,,unknown,
unranked,Sticker | DeadFox (Foil) | Berlin 2019,Berlin 2019,2019,Foil,3,0,,4.58,,,unknown,
unranked,Sticker | DeadFox | Berlin 2019,Berlin 2019,2019,Paper,9,0,,1.22,,,unknown,
unranked,Sticker | DickStacy | Berlin 2019,Berlin 2019,2019,Paper,6,0,,78.295,,,unknown,
unranked,Sticker | DreamEaters (Holo) | Berlin 2019,Berlin 2019,2019,Holo,4,0,,0.935,,,unknown,
unranked,Sticker | ENCE | Berlin 2019,Berlin 2019,2019,Paper,3,0,,2.29,,,unknown,
unranked,Sticker | ESL | Cologne 2016,Cologne 2016,2016,Paper,13,0,,2.76,,,unknown,
unranked,Sticker | Gambit Gaming (Holo) | Cologne 2016,Cologne 2016,2016,Holo,9,0,,15.21,,,unknown,
unranked,Sticker | Team Liquid (Holo) | Cologne 2016,Cologne 2016,2016,Holo,24,0,,48.26,,,unknown,
unranked,Sticker | Team Liquid | Cologne 2016,Cologne 2016,2016,Paper,5,0,,9.49,,,unknown,
unranked,Sticker | Astralis | Cologne 2016,Cologne 2016,2016,Paper,3,0,,8.57,,,unknown,
unranked,Sticker | Counter Logic Gaming (Holo) | Cologne 2016,Cologne 2016,2016,Holo,29,0,,70.8,,,unknown,
unranked,Sticker | Counter Logic Gaming | MLG Columbus 2016,MLG Columbus 2016,2016,Paper,3,0,,8.88,,,unknown,
unranked,Sticker | Natus Vincere | MLG Columbus 2016,MLG Columbus 2016,2016,Paper,8,0,,3.6,,,unknown,
unranked,Sticker | Splyce | MLG Columbus 2016,MLG Columbus 2016,2016,Paper,5,0,,34.85,,,unknown,
unranked,Sticker | AdreN (Foil) | MLG Columbus 2016,MLG Columbus 2016,2016,Foil,11,0,,39.96,,,unknown,
unranked,Sticker | Astralis | MLG Columbus 2016,MLG Columbus 2016,2016,Paper,25,0,,4.95,,,unknown,
unranked,Sticker | Cloud9 | MLG Columbus 2016,MLG Columbus 2016,2016,Paper,4,0,,27.299999999999997,,,unknown,
unranked,Sticker | FaZe Clan (Holo) | MLG Columbus 2016,MLG Columbus 2016,2016,Holo,16,0,,35.93,,,unknown,
unranked,Sticker | FaZe Clan | MLG Columbus 2016,MLG Columbus 2016,2016,Paper,5,0,,4.03,,,unknown,
unranked,Sticker | Copenhagen Flames | Stockholm 2021,Stockholm 2021,2021,Paper,14,0,,0.61,,,unknown,
unranked,Sticker | Entropiq | Stockholm 2021,Stockholm 2021,2021,Paper,53,0,,0.76,,,unknown,
unranked,Sticker | Astralis (Holo) | Antwerp 2022,Antwerp 2022,2022,Holo,36,0,,9.16,,,unknown,
unranked,Sticker | Astralis | Antwerp 2022,Antwerp 2022,2022,Paper,27,0,,0.54,,,unknown,
unranked,Sticker | 00 Nation (Holo) | Rio 2022,Rio 2022,2022,Holo,85,0,,10.06,,,unknown,
unranked,Sticker | 9z Team (Holo) | Rio 2022,Rio 2022,2022,Holo,41,0,,2.8,,,unknown,
unranked,Sticker | 9z Team | Rio 2022,Rio 2022,2022,Paper,60,0,,0.26,,,unknown,
